R_User_Email,R_Opportunity_ID,R_Response_Date,Comments
kcradduck+testing@crossroads.net,115,7/2/2015,Request on 7/2/2015 8:17:17 AM
kcradduck+kid14@crossroads.net,115,7/2/2015,Request on 7/2/2015 8:20:21 AM
mpcrds+auto+fredflintstone@gmail.com,115,7/2/2015,Request on 7/2/2015 8:17:17 AM
mpcrds+auto+pebblesflintstone@gmail.com,115,7/2/2015,Request on 7/2/2015 8:20:21 AM
mpcrds+auto+child1@gmail.com,115,7/2/2015,Request on 7/2/2015 8:17:17 AM
mpcrds+auto+husband@gmail.com,115,7/2/2015,Request on 7/2/2015 8:20:21 AM
rtheil+kid14@crossroads.net,115,7/2/2015,Request on 7/2/2015 8:20:21 AM
rtheil+testing@crossroads.net,115,7/2/2015,Request on 7/2/2015 8:20:21 AM
kidsclubdad@gmail.com,115,7/2/2015,Request on 7/2/2015 8:20:21 AM
kidsclubkid14@gmail.com,115,7/2/2015,Request on 7/2/2015 8:20:21 AM
mpcrds+cloudstrife@gmail.com,115,7/2/2015,Request on 7/2/2015 8:20:21 AM
mpcrds+marlenewallace@gmail.com,115,7/2/2015,Request on 7/2/2015 8:20:21 AM
