User_Email,Opportunity_ID,Response_Date,Comments,,
kcradduck+testing@crossroads.net,115,7/2/2015,Request on 7/2/2015 8:17:17 AM,,
kcradduck+kid14@crossroads.net,115,7/2/2015,Request on 7/2/2015 8:20:21 AM,,Response for the Opportunity_ID will be added to participant record for User_Email
mpcrds+auto+fredflintstone@gmail.com,115,7/2/2015,Request on 7/2/2015 8:17:17 AM,,"Required: User_Email, Opportunity_ID, Response_Date"
mpcrds+auto+pebblesflintstone@gmail.com,115,7/2/2015,Request on 7/2/2015 8:20:21 AM,,Optional: Comments
mpcrds+auto+child1@gmail.com,115,7/2/2015,Request on 7/2/2015 8:17:17 AM,,
mpcrds+auto+husband@gmail.com,115,7/2/2015,Request on 7/2/2015 8:20:21 AM,,"If cell is empty, Null will be entered in the DB"
rtheil+kid14@crossroads.net,115,7/2/2015,Request on 7/2/2015 8:20:21 AM,,
rtheil+testing@crossroads.net,115,7/2/2015,Request on 7/2/2015 8:20:21 AM,,
kidsclubdad@gmail.com,115,7/2/2015,Request on 7/2/2015 8:20:21 AM,,
kidsclubkid14@gmail.com,115,7/2/2015,Request on 7/2/2015 8:20:21 AM,,
mpcrds+cloudstrife@gmail.com,115,7/2/2015,Request on 7/2/2015 8:20:21 AM,,
mpcrds+marlenewallace@gmail.com,115,7/2/2015,Request on 7/2/2015 8:20:21 AM,,
